{"cameraMode":{"drawMode":0,"name":"Shaded","section":"Shading Mode"},"sceneLighting":true,"audioPlay":false,"sceneViewState":{"showFog":true,"showMaterialUpdate":false,"showSkybox":true,"showFlares":true,"showImageEffects":true,"showParticleSystems":true,"showVisualEffectGraphs":true,"m_FxEnabled":true},"in2DMode":false,"pivot":{"x":-0.9501920938491821,"y":1.5700182914733887,"z":-0.9699800610542297},"rotation":{"x":-0.014101900160312653,"y":-0.0029996533412486316,"z":-0.0000422066223109141,"w":0.9998995661735535},"size":1.4993798732757569,"orthographic":false}