{"cameraMode":{"drawMode":0,"name":"Shaded","section":"Shading Mode"},"sceneLighting":false,"audioPlay":false,"sceneViewState":{"showFog":true,"showMaterialUpdate":false,"showSkybox":false,"showFlares":true,"showImageEffects":true,"showParticleSystems":true,"showVisualEffectGraphs":true,"m_FxEnabled":true},"in2DMode":false,"pivot":{"x":-1.1888948678970338,"y":-0.17439879477024079,"z":0.08784103393554688},"rotation":{"x":0.17213478684425355,"y":0.3870480954647064,"z":-0.07379410415887833,"w":0.9028419256210327},"size":0.90739506483078,"orthographic":false}